{
  "_format": "hh-sol-cache-2",
  "files": {
    "C:\\Users\\Raj Raman\\Desktop\\work\\rishi\\blockchain\\contracts\\FarudLog.sol": {
      "lastModificationDate": 1749992056197,
      "contentHash": "56295cbead0ccffedd2b4e340495baa3",
      "sourceName": "contracts/FarudLog.sol",
      "solcConfig": {
        "version": "0.8.28",
        "settings": {
          "evmVersion": "paris",
          "optimizer": {
            "enabled": false,
            "runs": 200
          },
          "outputSelection": {
            "*": {
              "*": [
                "abi",
                "evm.bytecode",
                "evm.deployedBytecode",
                "evm.methodIdentifiers",
                "metadata"
              ],
              "": [
                "ast"
              ]
            }
          }
        }
      },
      "imports": [],
      "versionPragmas": [
        "^0.8.0"
      ],
      "artifacts": [
        "FraudLog"
      ]
    }
  }
}
